{"cameraMode":{"drawMode":0,"name":"Shaded","section":"Shading Mode"},"sceneLighting":false,"audioPlay":false,"sceneViewState":{"showFog":false,"showMaterialUpdate":false,"showSkybox":false,"showFlares":false,"showImageEffects":false,"showParticleSystems":false},"in2DMode":false,"pivot":{"x":-4.284999847412109,"y":2.2780001163482668,"z":-0.8069999814033508},"rotation":{"x":-0.3316212594509125,"y":-0.6277092099189758,"z":0.336425244808197,"w":-0.618739128112793},"size":0.2598077654838562,"orthographic":false}