{"cameraMode":{"drawMode":0,"name":"Shaded","section":"Shading Mode"},"sceneLighting":false,"audioPlay":false,"sceneViewState":{"showFog":false,"showMaterialUpdate":false,"showSkybox":false,"showFlares":false,"showImageEffects":false,"showParticleSystems":false},"in2DMode":false,"pivot":{"x":-1.3194494247436524,"y":1.6296229362487794,"z":-0.8100016117095947},"rotation":{"x":0.4468468427658081,"y":0.5501646995544434,"z":-0.536138653755188,"w":0.4585082530975342},"size":2.5611414909362795,"orthographic":false}