{"cameraMode":{"drawMode":0,"name":"Shaded","section":"Shading Mode"},"sceneLighting":true,"audioPlay":false,"sceneViewState":{"showFog":false,"showMaterialUpdate":false,"showSkybox":false,"showFlares":false,"showImageEffects":false,"showParticleSystems":true},"in2DMode":false,"pivot":{"x":108.1601791381836,"y":-246.4236297607422,"z":-99.57415771484375},"rotation":{"x":0.1646471619606018,"y":0.8195496201515198,"z":-0.4665279984474182,"w":0.2892538905143738},"size":150.51992797851563,"orthographic":false}