{"cameraMode":{"drawMode":0,"name":"Shaded","section":"Shading Mode"},"sceneLighting":false,"audioPlay":false,"sceneViewState":{"showFog":false,"showMaterialUpdate":false,"showSkybox":false,"showFlares":false,"showImageEffects":false,"showParticleSystems":false},"in2DMode":false,"pivot":{"x":-0.20485356450080872,"y":-0.41999366879463198,"z":0.6167774796485901},"rotation":{"x":0.04542473703622818,"y":0.9522145986557007,"z":-0.17622630298137666,"w":0.2454642802476883},"size":7.841482162475586,"orthographic":false}