{"cameraMode":{"drawMode":0,"name":"Shaded","section":"Shading Mode"},"sceneLighting":true,"audioPlay":false,"sceneViewState":{"m_AlwaysRefresh":false,"showFog":false,"showSkybox":false,"showFlares":false,"showImageEffects":false,"showParticleSystems":true,"showVisualEffectGraphs":true,"m_FxEnabled":true},"in2DMode":false,"pivot":{"x":5.718640327453613,"y":-4.818253517150879,"z":44.609397888183597},"rotation":{"x":-0.05996013432741165,"y":-0.011684096418321133,"z":0.0006770138861611486,"w":-0.9981581568717957},"size":32.3616943359375,"orthographic":false}